{
  "accuracy": [
    0.5224747061729431,
    0.694154679775238,
    0.8266130685806274,
    0.8819937109947205,
    0.9015286564826965,
    0.9150703549385071,
    0.9186359643936157,
    0.9255016446113586,
    0.928232729434967,
    0.945871114730835,
    0.9627887606620789,
    0.9724993109703064,
    0.9785305261611938,
    0.9811857342720032,
    0.9837651252746582,
    0.9878238439559937,
    0.9893031716346741,
    0.9921101331710815,
    0.9919963479042053,
    0.9929446578025818,
    0.9926412105560303,
    0.9940067529678345,
    0.9941964149475098,
    0.9942343235015869,
    0.9947274327278137,
    0.992451548576355,
    0.9951067566871643,
    0.996168851852417,
    0.9960550665855408,
    0.9959033727645874,
    0.9963964819908142,
    0.9962068200111389,
    0.9963206052780151,
    0.9959791898727417,
    0.9963964819908142,
    0.9967378377914429,
    0.9961309432983398,
    0.9962447285652161,
    0.9963585138320923,
    0.9970033764839172,
    0.9966619610786438,
    0.9967758059501648,
    0.9963585138320923,
    0.9974585771560669,
    0.9971171617507935,
    0.9976102709770203,
    0.9974585771560669
  ],
  "loss": [
    1.3725390434265137,
    0.9254330992698669,
    0.5247901678085327,
    0.39232778549194336,
    0.3448461592197418,
    0.3094717562198639,
    0.2964459955692291,
    0.27615591883659363,
    0.26008692383766174,
    0.190716952085495,
    0.14932575821876526,
    0.12412261217832565,
    0.09982297569513321,
    0.0817817822098732,
    0.07620720565319061,
    0.06050140783190727,
    0.053104251623153687,
    0.04485446959733963,
    0.043510373681783676,
    0.04092308133840561,
    0.04256255924701691,
    0.0363149531185627,
    0.034367404878139496,
    0.0342964269220829,
    0.03262219578027725,
    0.03970395028591156,
    0.031042538583278656,
    0.02565946616232395,
    0.024323487654328346,
    0.025660626590251923,
    0.02448214590549469,
    0.025094453245401382,
    0.023186905309557915,
    0.024980081245303154,
    0.02241888828575611,
    0.02202877216041088,
    0.023968404158949852,
    0.023248163983225822,
    0.02272988297045231,
    0.019318614155054092,
    0.020640471950173378,
    0.02073468640446663,
    0.021295353770256042,
    0.01883125863969326,
    0.018940770998597145,
    0.01713760942220688,
    0.016684988513588905
  ],
  "val_accuracy": [
    0.46142467856407166,
    0.8348884582519531,
    0.9153391122817993,
    0.9196631908416748,
    0.9260355234146118,
    0.9283113479614258,
    0.9292216897010803,
    0.9304733872413635,
    0.9319526553153992,
    0.9715521335601807,
    0.9778106212615967,
    0.9755347967147827,
    0.984979510307312,
    0.9877105355262756,
    0.9881656765937805,
    0.9899863600730896,
    0.990213930606842,
    0.9921483993530273,
    0.9926035404205322,
    0.9930587410926819,
    0.9931725263595581,
    0.9935138821601868,
    0.993627667427063,
    0.9944242238998413,
    0.9941966533660889,
    0.9939690232276917,
    0.9945380091667175,
    0.9939690232276917,
    0.993627667427063,
    0.99476557970047,
    0.9945380091667175,
    0.9944242238998413,
    0.9943104386329651,
    0.9944242238998413,
    0.9940828680992126,
    0.9941966533660889,
    0.9941966533660889,
    0.9952207803726196,
    0.9951069355010986,
    0.9949931502342224,
    0.9948793649673462,
    0.9935138821601868,
    0.9946517944335938,
    0.9953345656394958,
    0.9948793649673462,
    0.9949931502342224,
    0.9951069355010986
  ],
  "val_loss": [
    0.6008749008178711,
    0.3924500048160553,
    0.3014276623725891,
    0.2864000201225281,
    0.25941017270088196,
    0.24951300024986267,
    0.25101712346076965,
    0.23793351650238037,
    0.22696109116077423,
    0.11630178242921829,
    0.10809987038373947,
    0.09582432359457016,
    0.06641064584255219,
    0.059082064777612686,
    0.05575196072459221,
    0.049584921449422836,
    0.048618726432323456,
    0.04273312911391258,
    0.040895842015743256,
    0.03906932845711708,
    0.03490445762872696,
    0.035112250596284866,
    0.034164413809776306,
    0.033347222954034805,
    0.03715185075998306,
    0.033349618315696716,
    0.033558107912540436,
    0.037027742713689804,
    0.03584780544042587,
    0.031050024554133415,
    0.031466368585824966,
    0.030730804428458214,
    0.031102364882826805,
    0.029357431456446648,
    0.03303782269358635,
    0.03321150690317154,
    0.02923647128045559,
    0.030369199812412262,
    0.02883191592991352,
    0.026674898341298103,
    0.028571952134370804,
    0.03084571845829487,
    0.028815707191824913,
    0.02867693081498146,
    0.03025299496948719,
    0.030029775574803352,
    0.029149265959858894
  ],
  "learning_rate": [
    0.0005000000237487257,
    0.0005000000237487257,
    0.0005000000237487257,
    0.0005000000237487257,
    0.0005000000237487257,
    0.0005000000237487257,
    0.0005000000237487257,
    0.0005000000237487257,
    0.0005000000237487257,
    0.0005000000237487257,
    0.0005000000237487257,
    0.0005000000237487257,
    0.0005000000237487257,
    0.0005000000237487257,
    0.0005000000237487257,
    0.0005000000237487257,
    0.0005000000237487257,
    0.0005000000237487257,
    0.0005000000237487257,
    0.0005000000237487257,
    0.0005000000237487257,
    0.0005000000237487257,
    0.0005000000237487257,
    0.0005000000237487257,
    0.0005000000237487257,
    0.0005000000237487257,
    0.0005000000237487257,
    0.0002500000118743628,
    0.0002500000118743628,
    0.0002500000118743628,
    0.0002500000118743628,
    0.0002500000118743628,
    0.0002500000118743628,
    0.0002500000118743628,
    0.0002500000118743628,
    0.0002500000118743628,
    0.0002500000118743628,
    0.0002500000118743628,
    0.0002500000118743628,
    0.0002500000118743628,
    0.0002500000118743628,
    0.0002500000118743628,
    0.0002500000118743628,
    0.0001250000059371814,
    0.0001250000059371814,
    0.0001250000059371814,
    6.25000029685907e-05
  ]
}